Instrutor de Ensino Júnior I,Professor
Instrutor de Ensino Júnior II,Professor
Instrutor de Ensino Júnior III,Professor
Instrutor de Ensino Júnior IV,Professor
Instrutor de Ensino Pleno I,Professor
Instrutor de Ensino Pleno II,Professor
Instrutor de Ensino Pleno III,Professor
Instrutor de Ensino Pleno IV,Professor
Professor Júnior I,Professor
Professor Júnior II,Professor
Professor Júnior III,Professor
Professor Júnior IV,Professor
Professor Pleno I,Professor
Professor Pleno II,Professor
Professor Pleno III,Professor
Professor Pleno IV,Professor
Coordenador de Área,Coordenador
Coordenador de Segmento,Coordenador
Coordenador de Unidade,Coordenador
Diretor de Unidade,Diretor
Diretor de Segmento,Diretor
