6° Ano Regular - 2012,6° Ano Regular
6° Ano Elite Mais - 2012,6° Ano Elite Mais
6° Ano São Gonçalo - 2012,6° Ano São Gonçalo
7° Ano Regular - 2012,7° Ano Regular
7° Ano Elite Mais - 2012,7° Ano Elite Mais
7° Ano São Gonçalo - 2012,7° Ano São Gonçalo
8° Ano Regular - 2012,8° Ano Regular
8° Ano Elite Mais - 2012,8° Ano Elite Mais
8° Ano São Gonçalo - 2012,8° Ano São Gonçalo
9° Ano Forte - 2012,9° Ano Forte
1ª Série Regular - 2012,1ª Série Regular
2ª Série Regular - 2012,2ª Série Regular
Pré-Vestibular Manhã - 2012,Pré-Vestibular Manhã
Pré-Vestibular Tarde - 2012,Pré-Vestibular Tarde
Pré-Vestibular Noite - 2012,Pré-Vestibular Noite
Pré-Vestibular Elite Mais - 2012,Pré-Vestibular Elite Mais
9° Ano Militar - 2012,9° Ano Militar
1ª Série Militar - 2012,1ª Série Militar
IME Jr. - 2012,IME Jr.
1ª Série Bangu - 2012,1ª Série Bangu
2ª Série Militar - 2012,2ª Série Militar
2ª Série Bangu - 2012,2ª Série Bangu
3ª Série Militar - 2012,3ª Série Militar
IME/ITA - 2012,IME/ITA
EsPCEx - 2012,EsPCEx
ESSA - 2012,ESSA
AFA/EN/EFOMM - 2012,AFA/EN/EFOMM
AFA/EEAR/EFOMM - 2012,AFA/EEAR/EFOMM
Não regular - 2012,Não regular
